[
  {
    "keyword": "Feature",
    "name": "Login",
    "line": 1,
    "id": "login",
    "tags": [],
    "uri": "features\\login.feature",
    "elements": [
      {
        "id": "login;login-to-the-demoqa-application",
        "keyword": "Scenario",
        "line": 10,
        "name": "Login to the DemoQA Application",
        "tags": [],
        "type": "scenario",
        "steps": [
          {
            "keyword": "Before",
            "hidden": true,
            "match": {
              "location": "runner\\hooks.js:32"
            },
            "result": {
              "status": "passed",
              "duration": 449000000
            }
          },
          {
            "arguments": [],
            "keyword": "Given ",
            "line": 4,
            "name": "User launched demoqa login page",
            "match": {
              "location": "features\\support\\steps.js:8"
            },
            "result": {
              "status": "failed",
              "duration": 5017000000,
              "error_message": "Error: function timed out, ensure the promise resolves within 5000 milliseconds\n    at Timeout._onTimeout (C:\\Users\\DELL\\Downloads\\Playwright-Cucumber-main\\Playwright-Cucumber-main\\node_modules\\cucumber\\lib\\user_code_runner.js:76:18)\n    at listOnTimeout (node:internal/timers:573:17)\n    at process.processTimers (node:internal/timers:514:7)"
            }
          },
          {
            "keyword": "After",
            "hidden": true,
            "match": {
              "location": "runner\\hooks.js:41"
            },
            "result": {
              "status": "passed",
              "duration": 33000000
            }
          }
        ]
      }
    ]
  }
]